1,abraham59,rory30@example.com,975-283-2267,1,2019-02-20T07:50:08.000Z,32
10,abraham59,rory30@example.com,975-283-2267,true,2019-02-20T00:00:00.000Z,12
11,jerde.tito,qpacocha@example.com,(738)952-6078x1634,true,1995-06-13T00:00:00.000Z,23
12,shanon.gay,candelario.grant@example.net,1-691-238-8463,false,1983-02-05T00:00:00.000Z,42
13,christiana,louie85@example.org,361-461-5922,false,2004-08-21T00:00:00.000Z,63
14,shyann52,alford91@example.com,05794709754,false,1983-07-12T00:00:00.000Z,242
15,stone48,lance40@example.com,+37(4)0884560459,false,2005-03-02T00:00:00.000Z,42
16,laurence64,colleen65@example.com,+81(3)8218226349,false,2020-08-16T00:00:00.000Z,54
17,zstanton,stroman.jade@example.com,(423)483-5096,false,2005-09-16T00:00:00.000Z,21
18,tschultz,kory.kunze@example.net,040-373-7213x048,false,2018-06-28T00:00:00.000Z,54
2,jerde.tito,qpacocha@example.com,(738)952-6078x1634,1,1995-06-13T05:49:06.000Z,3
3,shanon.gaylord,candelario.grant@example.net,1-691-238-8463,,1983-02-04T23:24:16.000Z,24
4,christiana60,louie85@example.org,361-461-5922,,2004-08-21T01:01:17.000Z,242
5,shyann52,alford91@example.com,05794709754,,1983-07-12T10:53:53.000Z,242
6,stone48,lance40@example.com,+37(4)0884560459,,2005-03-02T02:16:48.000Z,24
7,laurence64,colleen65@example.com,+81(3)8218226349,,2020-08-16T03:59:55.000Z,231
8,zstanton,stroman.jade@example.com,(423)483-5096,,2005-09-16T03:02:53.000Z,232
9,tschultz,kory.kunze@example.net,040-373-7213x048,,2018-06-28T05:15:40.000Z,3
